sequence,FRS
SSMKLSFRARAYGFRGPGPQL,1
AELRCMCIKTTSGIHPKNIQSLEVIGKGTHCNQVEVIATLKDGRKICLDPDAPRIKKIVQKKLAGDES,1
GWANTLKNVAGGLCKITGAA,1
RFIYMKGFGKPRFGKR,1
CARLNCVPKGTSGNTETCPCYASLHSCRKYG,1
RILTMTKRVKMPQLYKQIVCRLFKTC,1
FLSGILKLAFKIPSVLCAVLKNC,1
SKWQHQQDSCRKQLQGVNLTPCEKHIMEKIQGRGDDDDDDDDD,1
SDYLNNNPLFPRYDIGNVELSTAYRSFANQKAPGRLNQNWALTADYTYR,1
FLPVLGKVIKLVGGLL,1
FLPGLIKAAVGVGSTILCKITKKC,1
FLPGLIKAAVGIGSTIFCKISKKC,1
FLPGLIKVAVGVGSTILCKITKKC,1
FLPMLAGLAANFLPKIICKITKKC,1
FFSLIPSLVGGLISAFK,1
FLTGLIGGLMKALGK,1
GAPKGCWTKSYPPQPCFGKK,1
CVVSSGWKWNYKIRCKLTGNC,1
SMATPHVAGAAALILSKHPTWTNAQVRDRLESTATYLGNSFYYGK,1
GLFSKKGGKGGKSWIKGVFKGIKGIGKEVGGDVIRTGIEIAACKIKGEC,1
FLPFFAACAITRKC,1
GLISTIWNTASNVAGTLTDSVKCKFKKC,1
SLFSLIKAGAKFLGKNMLKQGPQYPACKVSKDSENVNWKS,1
KKCNFFCKLKKKVKSVGSRNLIGSATHHHRIYRV,1
EGCNILCLLKRKVKAVKNVVKNVVKSVVG,1
MTPLWRIMGTKPYGAYCQNNYECSTGVCRKGHCSFSQPLNS,1
MTPLWRILASKPQGAYCHDHIECSTGLCR,1
GGCPDADKCTKYCQKQGISVGKCAKPVNACVCIL,1
GSKKTKCPR,1
RKPRRWRWWPKRP,1
IRPWRKPRWPWKR,1
